Date,Value,,,,,,
1416722400,8.600845769,,,,,,
1416726000,157.7085372,,,,,,
1416729600,262.9311023,,,,,,
1416733200,342.2794023,,,,,,
1416736800,336.6430206,,,,,,
1416740400,285.5416811,,,,,,
1416744000,159.9518042,,,,,,
1416747600,94.31657588,,,,,,
1416751200,-21.17586772,,,,,,
1416754800,-65.35402347,,,,,,
1416758400,-54.5281813,,,,,,
1416762000,-30.52059077,,,,,,
1416765600,40.45713293,,,,,,
1416769200,69.63210428,,,,,,
1416772800,102.2932535,,,,,,
1416776400,147.4262145,,,,,,
1416780000,69.58776825,,,,,,
1416783600,-66.36074015,,,,,,
1416787200,-85.67304055,,,,,,
1416790800,-243.9536527,,,,,,
1416794400,-277.2930441,,,,,,
1416798000,-320.8966324,,,,,,
1416801600,-273.112852,,,,,,
1416805200,-145.8260915,,,,,,
1416808800,28.52475014,,,,,,
1416812400,163.1045809,,,,,,
1416816000,270.7769406,,,,,,
1416819600,369.4737347,,,,,,
1416823200,368.4957454,,,,,,
1416826800,324.4124048,,,,,,
1416830400,187.8784913,,,,,,
1416834000,64.30819364,,,,,,
1416837600,-20.38972862,,,,,,
1416841200,-17.71628527,,,,,,
1416844800,-87.02759942,,,,,,
1416848400,-5.400556875,,,,,,
1416852000,46.89865551,,,,,,
1416855600,71.21988394,,,,,,
1416859200,99.91195523,,,,,,
1416862800,117.4766427,,,,,,
1416866400,48.36590036,,,,,,
1416870000,-67.95796576,,,,,,
1416873600,-196.4856682,,,,,,
1416877200,-214.4605489,,,,,,
1416880800,-335.4253242,,,,,,
1416884400,-332.6503419,,,,,,
1416888000,-319.6498816,,,,,,
1416891600,-141.5490754,,,,,,
1416895200,-35.87530768,,,,,,
1416898800,117.4258078,,,,,,
1416902400,245.7354689,,,,,,
1416906000,329.680857,,,,,,
1416909600,319.0340811,,,,,,
1416913200,204.8404134,,,,,,
1416916800,145.4839986,,,,,,
1416920400,5.888387861,,,,,,
1416924000,-86.35291728,,,,,,
1416927600,-119.7528682,,,,,,
1416931200,-158.6722654,,,,,,
1416934800,-150.198708,,,,,,
1416938400,-93.96260573,,,,,,
1416942000,-14.63143279,,,,,,
1416945600,-64.92255999,,,,,,
1416949200,-39.32855351,,,,,,
1416952800,-26.36779329,,,,,,
1416956400,-218.9688353,,,,,,
1416960000,-245.872175,,,,,,
1416963600,-410.4970293,,,,,,
1416967200,-485.4637322,,,,,,
1416970800,-479.9783511,,,,,,
1416974400,-380.3207294,,,,,,
1416978000,-282.1170778,,,,,,
1416981600,-168.5258204,,,,,,
1416985200,-15.24317931,,,,,,
1416988800,51.86743338,,,,,,
1416992400,128.2365262,,,,,,
1416996000,118.1462031,,,,,,
1416999600,43.17960113,,,,,,
1417003200,3.788402187,,,,,,
1417006800,-224.9526106,,,,,,
1417010400,-266.0853122,,,,,,
1417014000,-287.7569336,,,,,,
1417017600,-328.1820429,,,,,,
1417021200,-316.5849385,,,,,,
1417024800,-266.3401821,,,,,,
1417028400,-183.4516991,,,,,,
1417032000,-124.6956193,,,,,,
1417035600,-205.772962,,,,,,
1417039200,-307.8107659,,,,,,
1417042800,-355.2514008,,,,,,
1417046400,-532.0233362,,,,,,
1417050000,-584.6659931,,,,,,
1417053600,-651.1571678,,,,,,
1417057200,-615.3379414,,,,,,
1417060800,-625.0673674,,,,,,
1417064400,-520.6248192,,,,,,
1417068000,-350.5554837,,,,,,
1417071600,-237.1793267,,,,,,
1417075200,-75.97392288,,,,,,
1417078800,-36.51465688,,,,,,
1417082400,-52.95692332,,,,,,
1417086000,-121.1413166,,,,,,
1417089600,-222.9679191,,,,,,
1417093200,-343.686652,,,,,,
1417096800,-468.2815453,,,,,,
1417100400,-482.1201135,,,,,,
1417104000,-518.8355121,,,,,,
1417107600,-439.3675474,,,,,,
1417111200,-435.2663652,,,,,,
1417114800,-425.7712864,,,,,,
1417118400,-323.8551921,,,,,,
1417122000,-335.8430682,,,,,,
1417125600,-444.2137996,,,,,,
1417129200,-568.7632525,,,,,,
1417132800,-585.1142707,,,,,,
1417136400,-725.0879184,,,,,,
1417140000,-834.7134632,,,,,,
1417143600,-843.0225066,,,,,,
1417147200,-669.3162552,,,,,,
1417150800,-663.0549325,,,,,,
1417154400,-494.2015622,,,,,,
1417158000,-341.5199633,,,,,,
1417161600,-266.1621588,,,,,,
1417165200,-237.32024,,,,,,
1417168800,-124.9106707,,,,,,
1417172400,-237.7507084,,,,,,
1417176000,-341.2420361,,,,,,
1417179600,-419.5876008,,,,,,
1417183200,-519.3203216,,,,,,
1417186800,-627.7937545,,,,,,
1417190400,-641.4486271,,,,,,
1417194000,-591.918839,,,,,,
1417197600,-560.8216726,,,,,,
1417201200,-463.174967,,,,,,
1417204800,-424.2107035,,,,,,
1417208400,-472.2997609,,,,,,
1417212000,-544.8830404,,,,,,
1417215600,-599.6176754,,,,,,
1417219200,-706.9909612,,,,,,
1417222800,-776.7948112,,,,,,
1417226400,-883.2433609,,,,,,
1417230000,-861.1746616,,,,,,
1417233600,-790.066006,,,,,,
1417237200,-670.9574265,,,,,,
1417240800,-548.8108826,,,,,,
1417244400,-398.6337387,,,,,,
1417248000,-268.9331286,,,,,,
1417251600,-221.4980345,,,,,,
1417255200,-229.0630671,,,,,,
1417258800,-235.0795054,,,,,,
1417262400,-375.9052683,,,,,,
1417266000,-476.7494484,,,,,,
1417269600,-566.6662026,,,,,,
1417273200,-626.0217713,,,,,,
1417276800,-677.4913047,,,,,,
1417280400,-582.0605898,,,,,,
1417284000,-510.734909,,,,,,
1417287600,-462.4361043,,,,,,
1417291200,-448.6925769,,,,,,
1417294800,-505.7781388,,,,,,
1417298400,-517.8409265,,,,,,
1417302000,-583.0664971,,,,,,
1417305600,-668.6053812,,,,,,
1417309200,-750.8772614,,,,,,
1417312800,-910.1521437,,,,,,
1417316400,-824.3492923,,,,,,
1417320000,-772.6132681,,,,,,
1417323600,-698.0560691,,,,,,
1417327200,-522.6691973,,,,,,
1417330800,-333.554007,,,,,,
1417334400,-241.6136612,,,,,,
1417338000,-153.1722958,,,,,,
1417341600,-150.5209945,,,,,,
1417345200,-216.523604,,,,,,
1417348800,-322.8530141,,,,,,
1417352400,-423.4234942,,,,,,
1417356000,-517.2410468,,,,,,
1417359600,-609.0623641,,,,,,
1417363200,-586.8830776,,,,,,
1417366800,-566.5833525,,,,,,
1417370400,-466.9774027,,,,,,
1417374000,-431.4068532,,,,,,
1417377600,-411.9481976,,,,,,
1417381200,-397.1158217,,,,,,
1417384800,-431.3728343,,,,,,
1417388400,-528.010286,,,,,,
1417392000,-694.6108517,,,,,,
1417395600,-816.2283982,,,,,,
1417399200,-826.9672484,,,,,,
1417402800,-834.2607385,,,,,,
1417406400,-794.8304999,,,,,,
1417410000,-612.7269112,,,,,,
1417413600,-494.6341929,,,,,,
1417417200,-330.254185,,,,,,
1417420800,-251.8503666,,,,,,
1417424400,-153.798127,,,,,,
1417428000,-97.23090092,,,,,,
1417431600,-192.8785861,,,,,,
1417435200,-270.4801018,,,,,,
1417438800,-383.2904131,,,,,,
1417442400,-472.9812655,,,,,,
1417446000,-541.2324495,,,,,,
1417449600,-550.6241905,,,,,,
1417453200,-588.1850603,,,,,,
1417456800,-455.5478996,,,,,,
1417460400,-445.6248842,,,,,,
1417464000,-433.996386,,,,,,
1417467600,-380.6495446,,,,,,
1417471200,-459.9756172,,,,,,
1417474800,-565.4142469,,,,,,
1417478400,-678.1291245,,,,,,
1417482000,-717.7240231,,,,,,
1417485600,-845.9348728,,,,,,
1417489200,-809.6956038,,,,,,
1417492800,-787.9850267,,,,,,
1417496400,-673.8610584,,,,,,
1417500000,-484.9446216,,,,,,
1417503600,-342.7141941,,,,,,
1417507200,-272.3315245,,,,,,
1417510800,-225.9861964,,,,,,
1417514400,-207.9684686,,,,,,
1417518000,-296.3375694,,,,,,
1417521600,-323.203905,,,,,,
1417525200,-529.7638604,,,,,,
1417528800,-583.7641314,,,,,,
1417532400,-654.0264692,,,,,,
1417536000,-639.7606342,,,,,,
1417539600,-619.4642702,,,,,,
1417543200,-572.0226196,,,,,,
1417546800,-499.1350091,,,,,,
1417550400,-479.3398524,,,,,,
1417554000,-487.8651418,,,,,,
1417557600,-532.1248648,,,,,,
1417561200,-658.8843886,,,,,,
1417564800,-789.8029372,,,,,,
1417568400,-903.6566756,,,,,,
1417572000,-942.5099333,,,,,,
1417575600,-963.2820024,,,,,,
1417579200,-868.7449825,,,,,,
1417582800,-829.2450382,,,,,,
1417586400,-658.5963016,,,,,,
1417590000,-525.0611433,,,,,,
1417593600,-380.9544614,,,,,,
1417597200,-360.9766017,,,,,,
1417600800,-332.0428815,,,,,,
1417604400,-423.6436299,,,,,,
1417608000,-514.6518339,,,,,,
1417611600,-611.97531,,,,,,
1417615200,-762.2954818,,,,,,
1417618800,-783.9044839,,,,,,
1417622400,-850.2631054,,,,,,
1417626000,-824.7280281,,,,,,
1417629600,-794.2957867,,,,,,
1417633200,-699.5763098,,,,,,
1417636800,-632.3092568,,,,,,
1417640400,-738.8107177,,,,,,
1417644000,-745.5353868,,,,,,
1417647600,-866.0173859,,,,,,
1417651200,-1001.74149,,,,,,
1417654800,-1110.653812,,,,,,
1417658400,-1150.818014,,,,,,
1417662000,-1110.516517,,,,,,
1417665600,-1087.447849,,,,,,
1417669200,-975.2710124,,,,,,
1417672800,-857.5802637,,,,,,
1417676400,-716.9148041,,,,,,
1417680000,-583.8280724,,,,,,
1417683600,-559.770929,,,,,,
1417687200,-506.1677836,,,,,,
1417690800,-546.590473,,,,,,
1417694400,-702.5174455,,,,,,
1417698000,-870.6358703,,,,,,
1417701600,-987.3341598,,,,,,
1417705200,-1082.554704,,,,,,
1417708800,-1003.75683,,,,,,
1417712400,-982.1926113,,,,,,
1417716000,-907.8279114,,,,,,
1417719600,-858.2038729,,,,,,
1417723200,-822.0032013,,,,,,
1417726800,-849.396869,,,,,,
1417730400,-890.5162083,,,,,,
1417734000,-1008.59217,,,,,,
1417737600,-1159.760129,,,,,,
1417741200,-1260.780072,,,,,,
1417744800,-1337.049285,,,,,,
1417748400,-1274.073298,,,,,,
1417752000,-1251.484302,,,,,,
1417755600,-1153.952287,,,,,,
1417759200,-983.3435426,,,,,,
1417762800,-863.7227858,,,,,,
1417766400,-813.4528299,,,,,,
1417770000,-632.7396376,,,,,,
1417773600,-719.5991493,,,,,,
1417777200,-758.7847119,,,,,,
1417780800,-875.1715839,,,,,,
1417784400,-959.0517169,,,,,,
1417788000,-1032.457041,,,,,,
1417791600,-1084.439001,,,,,,
1417795200,-1116.003389,,,,,,
1417798800,-1053.855805,,,,,,
1417802400,-1031.273951,,,,,,
1417806000,-971.3308045,,,,,,
1417809600,-959.1930026,,,,,,
1417813200,-959.2442648,,,,,,
1417816800,-980.708415,,,,,,
1417820400,-1123.577662,,,,,,
1417824000,-1191.764856,,,,,,
1417827600,-1332.283678,,,,,,
1417831200,-1363.233555,,,,,,
1417834800,-1385.856709,,,,,,
1417838400,-1269.187566,,,,,,
1417842000,-1208.042476,,,,,,
1417845600,-1029.920228,,,,,,
1417849200,-901.7637995,,,,,,
1417852800,-817.3118975,,,,,,
1417856400,-726.0524138,,,,,,
1417860000,-732.2116586,,,,,,
1417863600,-788.4995216,,,,,,
1417867200,-891.1145329,,,,,,
1417870800,-947.9210526,,,,,,
1417874400,-1104.124557,,,,,,
1417878000,-1126.691585,,,,,,
1417881600,-1066.234598,,,,,,
1417885200,-1114.826422,,,,,,
1417888800,-1005.872151,,,,,,
1417892400,-1033.703751,,,,,,
1417896000,-964.8117454,,,,,,
1417899600,-916.2462802,,,,,,
1417903200,-956.0984004,,,,,,
1417906800,-1119.84422,,,,,,
1417910400,-1257.775322,,,,,,
1417914000,-1242.294993,,,,,,
1417917600,-1352.400153,,,,,,
1417921200,-1345.700661,,,,,,
1417924800,-1307.444426,,,,,,
1417928400,-1116.823257,,,,,,
1417932000,-1035.838269,,,,,,
1417935600,-831.1969175,,,,,,
1417939200,-736.3753202,,,,,,
1417942800,-660.6976004,,,,,,
1417946400,-665.6863432,,,,,,
1417950000,-736.8549169,,,,,,
1417953600,-803.8079844,,,,,,
1417957200,-915.4972903,,,,,,
1417960800,-987.2016844,,,,,,
1417964400,-1043.632959,,,,,,
1417968000,-1059.984612,,,,,,
1417971600,-1030.949008,,,,,,
1417975200,-958.3366972,,,,,,
1417978800,-873.8396337,,,,,,
1417982400,-897.1229088,,,,,,
1417986000,-899.1168488,,,,,,
1417989600,-935.7401675,,,,,,
1417993200,-1039.277013,,,,,,
1417996800,-563.9761436,,,,,,
1418000400,-1244.058955,,,,,,
1418004000,-1332.587425,,,,,,
1418007600,-1340.167149,,,,,,
1418011200,-1258.54926,,,,,,
1418014800,-1133.860695,,,,,,
1418018400,-959.3778069,,,,,,
1418022000,-831.5108813,,,,,,
1418025600,-685.2183905,,,,,,
1418029200,-621.2806645,,,,,,
1418032800,-638.5691987,,,,,,
1418036400,-681.4380832,,,,,,
1418040000,-827.6964273,,,,,,
1418043600,-904.833702,,,,,,
1418047200,-1035.217293,,,,,,
1418050800,-1052.390374,,,,,,
1418054400,-1106.6877,,,,,,
1418058000,-1042.086437,,,,,,
1418061600,-976.8741426,,,,,,
1418065200,-985.2422298,,,,,,
1418068800,-937.7573441,,,,,,
1418072400,-904.4137584,,,,,,
1418076000,-903.8871513,,,,,,
1418079600,-1055.733105,,,,,,
1418083200,-1227.025509,,,,,,
1418086800,-1246.53117,,,,,,
1418090400,-1324.771436,,,,,,
1418094000,-1353.504836,,,,,,
1418097600,-1275.363619,,,,,,
1418101200,-1121.93619,,,,,,
1418104800,-1044.957008,,,,,,
1418108400,-850.8742937,,,,,,
1418112000,-736.3540613,,,,,,
1418115600,-708.6933452,,,,,,
1418119200,-733.6377774,,,,,,
1418122800,-718.3203635,,,,,,
1418126400,-866.2797753,,,,,,
1418130000,-951.9896024,,,,,,
1418133600,-1066.583218,,,,,,
1418137200,-1097.694698,,,,,,
1418140800,-1140.63249,,,,,,
1418144400,-1122.615173,,,,,,
1418148000,-1096.139988,,,,,,
1418151600,-1053.646274,,,,,,
1418155200,-965.1705163,,,,,,
1418158800,-1059.023622,,,,,,
1418162400,-1126.771968,,,,,,
1418166000,-1193.883816,,,,,,
1418169600,-1285.60568,,,,,,
1418173200,-1405.192671,,,,,,
1418176800,-1477.171049,,,,,,
1418180400,-1464.613031,,,,,,
1418184000,-1388.662746,,,,,,
1418187600,-1341.819899,,,,,,
1418191200,-1136.49909,,,,,,
1418194800,-1020.943433,,,,,,
1418198400,-919.5152991,,,,,,
1418202000,-900.3681458,,,,,,
1418205600,-788.684252,,,,,,
1418209200,-925.2936818,,,,,,
1418212800,-995.4174391,,,,,,
1418216400,-1164.578033,,,,,,
1418220000,-1236.311398,,,,,,
1418223600,-1298.643043,,,,,,
1418227200,-1317.644359,,,,,,
1418230800,-1264.213038,,,,,,
1418234400,-1246.000879,,,,,,
1418238000,-1156.831371,,,,,,
1418241600,-1201.740127,,,,,,
1418245200,-1205.424894,,,,,,
1418248800,-1233.527306,,,,,,
1418252400,-1382.602531,,,,,,
1418256000,-1473.837378,,,,,,
1418259600,-1564.433869,,,,,,
1418263200,-1677.988715,,,,,,
1418266800,-1623.221095,,,,,,
1418270400,-1636.909672,,,,,,
1418274000,-1534.816858,,,,,,
1418277600,-1375.494774,,,,,,
1418281200,-1206.670224,,,,,,
1418284800,-1125.417793,,,,,,
1418288400,-1057.238956,,,,,,
1418292000,-1035.674084,,,,,,
1418295600,-1122.07004,,,,,,
1418299200,-1222.809185,,,,,,
1418302800,-1354.048802,,,,,,
1418306400,-1512.101611,,,,,,
1418310000,-1487.897183,,,,,,
1418313600,-1475.578279,,,,,,
1418317200,-1514.945806,,,,,,
1418320800,-1474.595719,,,,,,
1418324400,-1389.081471,,,,,,
1418328000,-1339.219614,,,,,,
1418331600,-1398.92964,,,,,,
1418335200,-1410.659488,,,,,,
1418338800,-1585.60583,,,,,,
1418342400,-1618.60096,,,,,,
1418346000,-1758.560712,,,,,,
1418349600,-1870.636568,,,,,,
1418353200,-1884.90041,,,,,,
1418356800,-1785.916522,,,,,,
1418360400,-1628.301884,,,,,,
1418364000,-1561.784776,,,,,,
1418367600,-1338.46723,,,,,,
1418371200,-1225.692065,,,,,,
1418374800,-1147.959764,,,,,,
1418378400,-1173.927188,,,,,,
1418382000,-1313.947248,,,,,,
1418385600,-1335.222433,,,,,,
1418389200,-1468.00244,,,,,,
1418392800,-1530.119774,,,,,,
1418396400,-1662.5183,,,,,,
1418400000,-1623.224557,,,,,,
1418403600,-1659.349151,,,,,,
1418407200,-1544.614439,,,,,,
1418410800,-1468.234762,,,,,,
1418414400,-1445.304619,,,,,,
1418418000,-1459.066754,,,,,,
1418421600,-1499.671799,,,,,,
1418425200,-1613.181626,,,,,,
1418428800,-1714.604299,,,,,,
1418432400,-1781.209307,,,,,,
1418436000,-1852.759398,,,,,,
1418439600,-1856.59055,,,,,,
1418443200,-1783.741904,,,,,,
1418446800,-1688.35246,,,,,,
1418450400,-1531.095824,,,,,,
1418454000,-1388.248998,,,,,,
1418457600,-1305.751986,,,,,,
1418461200,-1154.593174,,,,,,
1418464800,-1222.901056,,,,,,
1418468400,-1319.80791,,,,,,
1418472000,-1324.823149,,,,,,
1418475600,-1435.773373,,,,,,
1418479200,-1558.864852,,,,,,
1418482800,-1649.377229,,,,,,
1418486400,-1629.806746,,,,,,
1418490000,-1596.224079,,,,,,
1418493600,-1530.900558,,,,,,
1418497200,-1467.092122,,,,,,
1418500800,-1426.855951,,,,,,
1418504400,-1476.380657,,,,,,
1418508000,-1563.6323,,,,,,
1418511600,-1608.472563,,,,,,
1418515200,-1660.249332,,,,,,
1418518800,-1786.133675,,,,,,
1418522400,-1814.001956,,,,,,
1418526000,-1841.06607,,,,,,
1418529600,-1782.221129,,,,,,
1418533200,-1673.032928,,,,,,
1418536800,-1514.839455,,,,,,
1418540400,-1355.980021,,,,,,
1418544000,-1262.516375,,,,,,
1418547600,-1216.333105,,,,,,
1418551200,-1182.320473,,,,,,
1418554800,-1269.353943,,,,,,
1418558400,-1298.521326,,,,,,
1418562000,-1417.238617,,,,,,
1418565600,-1548.387243,,,,,,
1418569200,-1574.951798,,,,,,
1418572800,-1630.65829,,,,,,
1418576400,-1585.162562,,,,,,
1418580000,-1538.647647,,,,,,
1418583600,-1483.472265,,,,,,
1418587200,-1414.363618,,,,,,
1418590800,-1408.556387,,,,,,
1418594400,-1441.408664,,,,,,
1418598000,-1529.511299,,,,,,
1418601600,-1625.23716,,,,,,
1418605200,-1746.929967,,,,,,
1418608800,-1809.031007,,,,,,
1418612400,-1814.104004,,,,,,
1418616000,-1742.289244,,,,,,
1418619600,-1612.835295,,,,,,
1418623200,-1405.565787,,,,,,
1418626800,-1337.542823,,,,,,
1418630400,-1125.980209,,,,,,
1418634000,-1135.366196,,,,,,
1418637600,-1135.846213,,,,,,
1418641200,-1195.539053,,,,,,
1418644800,-1277.081488,,,,,,
1418648400,-1438.824219,,,,,,
1418652000,-1531.959617,,,,,,
1418655600,-1528.977131,,,,,,
1418659200,-1558.786542,,,,,,
1418662800,-1571.288056,,,,,,
1418666400,-1534.445387,,,,,,
1418670000,-1416.962147,,,,,,
1418673600,-1418.439549,,,,,,
1418677200,-1409.658871,,,,,,
1418680800,-1494.850132,,,,,,
1418684400,-1572.864951,,,,,,
1418688000,-1670.390858,,,,,,
1418691600,-1809.14877,,,,,,
1418695200,-1809.457623,,,,,,
1418698800,-1840.46691,,,,,,
1418702400,-1778.645523,,,,,,
1418706000,-1641.332425,,,,,,
1418709600,-1506.539776,,,,,,
1418713200,-1400.904643,,,,,,
1418716800,-1273.156866,,,,,,
1418720400,-1259.516446,,,,,,
1418724000,-1228.121038,,,,,,
1418727600,-1253.878239,,,,,,
1418731200,-1392.896537,,,,,,
1418734800,-1469.849433,,,,,,
1418738400,-1596.36246,,,,,,
1418742000,-1673.392558,,,,,,
1418745600,-1717.926224,,,,,,
1418749200,-1619.964881,,,,,,
1418752800,-1632.667886,,,,,,
1418756400,-1558.339359,,,,,,
1418760000,-1505.147232,,,,,,
1418763600,-1501.007932,,,,,,
1418767200,-1641.679567,,,,,,
1418770800,-1686.497285,,,,,,
1418774400,-1810.355818,,,,,,
1418778000,-1931.461106,,,,,,
1418781600,-1954.609071,,,,,,
1418785200,-1991.611194,,,,,,
1418788800,-1959.71089,,,,,,
1418792400,-1802.163507,,,,,,
1418796000,-1698.039557,,,,,,
1418799600,-1584.137515,,,,,,
1418803200,-1409.240609,,,,,,
1418806800,-1388.389636,,,,,,
1418810400,-1330.363413,,,,,,
1418814000,-1466.800696,,,,,,
1418817600,-1564.296041,,,,,,
1418821200,-1702.062353,,,,,,
1418824800,-1777.720551,,,,,,
1418828400,-1815.982667,,,,,,
1418832000,-1837.180887,,,,,,
1418835600,-1813.598597,,,,,,
1418839200,-1786.939074,,,,,,
1418842800,-1725.129693,,,,,,
1418846400,-1675.151805,,,,,,
1418850000,-1710.75383,,,,,,
1418853600,-1784.307766,,,,,,
1418857200,-1819.58952,,,,,,
1418860800,-1977.112016,,,,,,
1418864400,-2096.806739,,,,,,
1418868000,-2185.853389,,,,,,
1418871600,-2139.479759,,,,,,
1418875200,-2110.881978,,,,,,
1418878800,-1957.73979,,,,,,
1418882400,-1858.475774,,,,,,
1418886000,-1724.773801,,,,,,
1418889600,-1653.951629,,,,,,
1418893200,-1530.062727,,,,,,
1418896800,-1546.059542,,,,,,
1418900400,-1581.623452,,,,,,
1418904000,-1784.760094,,,,,,
1418907600,-2416.661669,,,,,,
1418911200,-1975.586833,,,,,,
1418914800,-1981.179618,,,,,,
1418918400,-2058.724746,,,,,,
1418922000,-2046.596807,,,,,,
1418925600,-1987.951327,,,,,,
1418929200,-1935.260009,,,,,,
1418932800,-1832.842128,,,,,,
1418936400,-1859.404152,,,,,,
1418940000,-1937.62674,,,,,,
1418943600,-2038.688195,,,,,,
1418947200,-2194.31703,,,,,,
1418950800,-2219.133329,,,,,,
1418954400,-2324.914098,,,,,,
1418958000,-2335.756446,,,,,,
1418961600,-2223.552907,,,,,,
1418965200,-2179.423541,,,,,,
1418968800,-2056.123414,,,,,,
1418972400,-1861.347292,,,,,,
1418976000,-1742.70992,,,,,,
1418979600,-1660.152315,,,,,,
1418983200,-1714.671177,,,,,,
1418986800,-1768.225091,,,,,,
1418990400,-1822.168981,,,,,,
1418994000,-1997.49402,,,,,,
1418997600,-2083.947021,,,,,,
1419001200,-2117.220501,,,,,,
1419004800,-2108.422227,,,,,,
1419008400,-2091.401459,,,,,,
1419012000,-2058.903636,,,,,,
1419015600,-2004.301576,,,,,,
1419019200,-1934.793082,,,,,,
1419022800,-1940.671847,,,,,,
1419026400,-2045.740506,,,,,,
1419030000,-2103.491455,,,,,,
1419033600,-2232.670304,,,,,,
1419037200,-2303.007492,,,,,,
1419040800,-2341.262614,,,,,,
1419044400,-2363.213331,,,,,,
1419048000,-2357.849598,,,,,,
1419051600,-2186.901713,,,,,,
1419055200,-2011.666775,,,,,,
1419058800,-1937.536699,,,,,,
1419062400,-1793.780783,,,,,,
1419066000,-1744.623865,,,,,,
1419069600,-1697.15305,,,,,,
1419073200,-1747.461608,,,,,,
1419076800,-1863.464116,,,,,,
1419080400,-2004.812088,,,,,,
1419084000,-2140.157279,,,,,,
1419087600,-2076.235017,,,,,,
1419091200,-2078.80576,,,,,,
1419094800,-2085.067347,,,,,,
1419098400,-2009.080602,,,,,,
1419102000,-1980.807237,,,,,,
1419105600,-1947.397233,,,,,,
1419109200,-1990.766781,,,,,,
1419112800,-2071.796451,,,,,,
1419116400,-2104.871236,,,,,,
1419120000,-2213.540727,,,,,,
1419123600,-2323.475553,,,,,,
1419127200,-2366.562279,,,,,,
1419130800,-2382.600974,,,,,,
1419134400,-2301.163609,,,,,,
1419138000,-2176.564807,,,,,,
1419141600,-2025.860333,,,,,,
1419145200,-1894.669963,,,,,,
1419148800,-1746.395411,,,,,,
1419152400,-1701.590002,,,,,,
1419156000,-1649.814978,,,,,,
1419159600,-1764.636068,,,,,,
1419163200,-1845.476282,,,,,,
1419166800,-1979.864542,,,,,,
1419170400,-2003.993647,,,,,,
1419174000,-2062.67728,,,,,,
1419177600,-2081.346118,,,,,,
1419181200,-2063.175692,,,,,,
1419184800,-2012.613601,,,,,,
1419188400,-1901.005483,,,,,,
1419192000,-1896.710688,,,,,,
1419195600,-1874.978758,,,,,,
1419199200,-1923.826858,,,,,,
1419202800,-2060.526882,,,,,,
1419206400,-2182.77593,,,,,,
1419210000,-2206.311304,,,,,,
1419213600,-2340.441415,,,,,,
1419217200,-2335.079305,,,,,,
1419220800,-2253.907593,,,,,,
1419224400,-2092.097321,,,,,,
1419228000,-1962.697311,,,,,,
1419231600,-1814.473831,,,,,,
1419235200,-1711.04911,,,,,,
1419238800,-1646.679954,,,,,,
1419242400,-1655.441885,,,,,,
1419246000,-1753.473826,,,,,,
1419249600,-1840.742708,,,,,,
1419253200,-1887.498527,,,,,,
1419256800,-2024.339125,,,,,,
1419260400,-2072.376295,,,,,,
1419264000,-2052.379767,,,,,,
1419267600,-2084.419362,,,,,,
1419271200,-2027.929143,,,,,,
1419274800,-1958.182632,,,,,,
1419278400,-1881.088863,,,,,,
1419282000,-1840.506338,,,,,,
1419285600,-1987.359551,,,,,,
1419289200,-2092.07117,,,,,,
1419292800,-2202.765463,,,,,,
1419296400,-2270.190663,,,,,,
1419300000,-2304.195427,,,,,,
1419303600,-2340.972237,,,,,,
1419307200,-2307.407516,,,,,,
1419310800,-2177.587909,,,,,,
1419314400,-2058.37672,,,,,,
1419318000,-1914.751613,,,,,,
1419321600,-1774.139931,,,,,,
1419325200,-1707.055772,,,,,,
1419328800,-1703.960506,,,,,,
1419332400,-1800.519483,,,,,,
1419336000,-1936.617593,,,,,,
1419339600,-1948.533533,,,,,,
1419343200,-2130.055922,,,,,,
1419346800,-2146.232898,,,,,,
1419350400,-2195.226518,,,,,,
1419354000,-2117.450124,,,,,,
1419357600,-2123.011067,,,,,,
1419361200,-2060.650981,,,,,,
1419364800,-2009.289086,,,,,,
1419368400,-2033.874458,,,,,,
1419372000,-2069.271587,,,,,,
1419375600,-2200.797208,,,,,,
1419379200,-2290.327091,,,,,,
1419382800,-2425.599303,,,,,,
1419386400,-2485.08081,,,,,,
1419390000,-2508.600308,,,,,,
1419393600,-2399.690332,,,,,,
1419397200,-2340.000845,,,,,,
1419400800,-2187.76512,,,,,,
1419404400,-2042.839281,,,,,,
1419408000,-1997.460966,,,,,,
1419411600,-1848.673257,,,,,,
1419415200,-1848.886509,,,,,,
1419418800,-1926.994948,,,,,,
1419422400,-2086.786954,,,,,,
1419426000,-2173.562417,,,,,,
1419429600,-2270.895787,,,,,,
1419433200,-2323.9006,,,,,,
1419436800,-2337.650246,,,,,,
1419440400,-2279.113322,,,,,,
1419444000,-2269.309811,,,,,,
1419447600,-2223.666746,,,,,,
1419451200,-2175.140642,,,,,,
1419454800,-2236.259655,,,,,,
1419458400,-2301.570971,,,,,,
1419462000,-2309.775932,,,,,,
1419465600,-2494.326219,,,,,,
1419469200,-2599.513673,,,,,,
1419472800,-2628.787434,,,,,,
1419476400,-2642.055936,,,,,,
1419480000,-2621.782778,,,,,,
1419483600,-2480.623609,,,,,,
1419487200,-2405.162163,,,,,,
1419490800,-2208.756393,,,,,,
1419494400,-2160.941115,,,,,,
1419498000,-2026.247766,,,,,,
1419501600,-2087.995561,,,,,,
1419505200,-2168.548416,,,,,,
1419508800,-2281.164227,,,,,,
1419512400,-2382.660296,,,,,,
1419516000,-2445.792557,,,,,,
1419519600,-2480.83837,,,,,,
1419523200,-2504.659209,,,,,,
1419526800,-2466.506112,,,,,,
1419530400,-2404.599551,,,,,,
1419534000,-2372.156042,,,,,,
1419537600,-2369.239823,,,,,,
1419541200,-2430.715987,,,,,,
1419544800,-2414.663145,,,,,,
1419548400,-2524.557781,,,,,,
1419552000,-2685.254202,,,,,,
1419555600,-2688.960297,,,,,,
1419559200,-2802.952946,,,,,,
1419562800,-2853.864521,,,,,,
1419566400,-2742.315235,,,,,,
1419570000,-2686.289118,,,,,,
1419573600,-2503.687515,,,,,,
1419577200,-2366.899071,,,,,,
1419580800,-2260.528165,,,,,,
1419584400,-2172.478191,,,,,,
1419588000,-2195.404681,,,,,,
1419591600,-2274.315734,,,,,,
1419595200,-2377.830971,,,,,,
1419598800,-2436.29604,,,,,,
1419602400,-2566.97236,,,,,,
1419606000,-3232.353099,,,,,,
1419609600,-2655.109622,,,,,,
1419613200,-2601.61181,,,,,,
1419616800,-2587.509886,,,,,,
1419620400,-2471.199223,,,,,,
1419624000,-2424.384135,,,,,,
1419627600,-2421.795448,,,,,,
1419631200,-2496.251734,,,,,,
1419634800,-2662.291134,,,,,,
1419638400,-2711.564524,,,,,,
1419642000,-2809.120611,,,,,,
1419645600,-2825.401954,,,,,,
1419649200,-2905.850591,,,,,,
1419652800,-2799.294953,,,,,,
1419656400,-2748.627976,,,,,,
1419660000,-2597.213786,,,,,,
1419663600,-2411.448903,,,,,,
1419667200,-2289.996329,,,,,,
1419670800,-2276.63127,,,,,,
1419674400,-2233.561056,,,,,,
1419678000,-2234.754427,,,,,,
1419681600,-2362.281092,,,,,,
1419685200,-2496.94027,,,,,,
1419688800,-2518.013371,,,,,,
1419692400,-2622.768853,,,,,,
1419696000,-2623.474152,,,,,,
1419699600,-2620.92641,,,,,,
1419703200,-2548.637831,,,,,,
1419706800,-2491.171067,,,,,,
1419710400,-2500.855835,,,,,,
1419714000,-2407.792247,,,,,,
1419717600,-2493.860892,,,,,,
1419721200,-2609.879971,,,,,,
1419724800,-2718.81214,,,,,,
1419728400,-2826.539721,,,,,,
1419732000,-2840.08058,,,,,,
1419735600,-2876.34048,,,,,,
1419739200,-2772.609891,,,,,,
1419742800,-2663.602467,,,,,,
1419746400,-2562.314141,,,,,,
1419750000,-2357.138253,,,,,,
1419753600,-2251.861996,,,,,,
1419757200,-2192.452302,,,,,,
1419760800,-2198.62771,,,,,,
1419764400,-2231.131479,,,,,,
1419768000,-2317.36588,,,,,,
1419771600,-2429.8356,,,,,,
1419775200,-2545.600386,,,,,,
1419778800,-2532.198889,,,,,,
1419782400,-2542.098711,,,,,,
1419786000,-2586.457783,,,,,,
1419789600,-2466.367014,,,,,,
1419793200,-2422.326347,,,,,,
1419796800,-2484.935245,,,,,,
1419800400,-2416.218696,,,,,,
1419804000,-2436.820168,,,,,,
1419807600,-2516.232322,,,,,,
1419811200,-2657.616783,,,,,,
1419814800,-2726.164806,,,,,,
1419818400,-2839.468228,,,,,,
1419822000,-2827.595866,,,,,,
1419825600,-2768.513572,,,,,,
1419829200,-2597.793302,,,,,,
1419832800,-2504.963994,,,,,,
1419836400,-2331.697691,,,,,,
1419840000,-2223.290122,,,,,,
1419843600,-2148.533426,,,,,,
1419847200,-2207.350825,,,,,,
1419850800,-2280.73826,,,,,,
1419854400,-2291.854805,,,,,,
1419858000,-2458.948586,,,,,,
1419861600,-2482.157003,,,,,,
1419865200,-2593.855499,,,,,,
1419868800,-2546.672063,,,,,,
1419872400,-2564.8769,,,,,,
1419876000,-2493.477731,,,,,,
1419879600,-2430.675674,,,,,,
1419883200,-2421.311402,,,,,,
1419886800,-2437.987506,,,,,,
1419890400,-2443.602254,,,,,,
1419894000,-2594.538818,,,,,,
1419897600,-2722.294813,,,,,,
1419901200,-2756.352504,,,,,,
1419904800,-2827.913194,,,,,,
1419908400,-2804.534253,,,,,,
1419912000,-2821.257537,,,,,,
1419915600,-2685.769406,,,,,,
1419919200,-2510.122276,,,,,,
1419922800,-2402.934482,,,,,,
1419926400,-2281.209609,,,,,,
1419930000,-2248.699914,,,,,,
1419933600,-2238.302523,,,,,,
1419937200,-2293.254181,,,,,,
1419940800,-2359.087388,,,,,,
1419944400,-2493.065352,,,,,,
1419948000,-2588.604208,,,,,,
1419951600,-2654.617421,,,,,,
1419955200,-2654.807577,,,,,,
1419958800,-2611.971323,,,,,,
1419962400,-2651.652738,,,,,,
1419966000,-2542.249729,,,,,,
1419969600,-2504.828366,,,,,,
1419973200,-2525.697176,,,,,,
1419976800,-2602.133382,,,,,,
1419980400,-2700.550732,,,,,,
1419984000,-2802.56528,,,,,,
1419987600,-2896.740582,,,,,,
1419991200,-2968.425136,,,,,,
1419994800,-2989.152474,,,,,,
1419998400,-2914.19675,,,,,,
1420002000,-2825.55053,,,,,,
1420005600,-2682.376892,,,,,,
1420009200,-2532.664864,,,,,,
1420012800,-2428.872302,,,,,,
1420016400,-2336.871145,,,,,,
1420020000,-2348.818513,,,,,,
1420023600,-2420.909546,,,,,,
1420027200,-2569.760438,,,,,,
1420030800,-2647.627602,,,,,,
1420034400,-2727.528497,,,,,,
1420038000,-2808.372871,,,,,,
1420041600,-2850.892932,,,,,,
1420045200,-2851.325767,,,,,,
1420048800,-2773.459928,,,,,,
1420052400,-2763.014095,,,,,,
1420056000,-2619.67684,,,,,,
1420059600,-2687.602962,,,,,,
1420063200,-2772.981096,,,,,,
1420066800,-2848.252684,,,,,,
1420070400,-2999.136682,,,,,,
1420074000,-3110.109705,,,,,,
1420077600,-3218.892021,,,,,,
1420081200,-3206.810676,,,,,,
1420084800,-3129.791148,,,,,,
1420088400,-3017.369771,,,,,,
1420092000,-2896.671418,,,,,,
1420095600,-2678.857769,,,,,,
1420099200,-2629.635773,,,,,,
1420102800,-2551.809874,,,,,,
1420106400,-2519.741852,,,,,,
1420110000,-2688.361102,,,,,,
1420113600,-2734.678093,,,,,,
1420117200,-2855.476814,,,,,,
1420120800,-3565.527389,,,,,,
1420124400,-2971.668264,,,,,,
1420128000,-3047.278255,,,,,,
1420131600,-2995.936683,,,,,,
1420135200,-2928.839709,,,,,,
1420138800,-2937.568172,,,,,,
1420142400,-2848.245868,,,,,,
1420146000,-2851.929197,,,,,,
1420149600,-2959.663887,,,,,,
1420153200,-3038.849625,,,,,,
1420156800,-3171.806788,,,,,,
1420160400,-3258.9787,,,,,,
1420164000,-3352.933865,,,,,,
1420167600,-3332.906386,,,,,,
1420171200,-3243.392582,,,,,,
1420174800,-3124.300369,,,,,,
1420178400,-3044.330707,,,,,,
1420182000,-2865.183817,,,,,,
1420185600,-2794.8298,,,,,,
1420189200,-2670.337545,,,,,,
1420192800,-2681.728779,,,,,,
1420196400,-2756.367829,,,,,,
1420200000,-2853.054185,,,,,,
1420203600,-2942.789096,,,,,,
1420207200,-3098.829485,,,,,,
1420210800,-3158.151088,,,,,,
1420214400,-3158.853498,,,,,,
1420218000,-3141.216415,,,,,,
1420221600,-2988.759812,,,,,,
1420225200,-3012.127005,,,,,,
1420228800,-2940.949192,,,,,,
1420232400,-2953.163866,,,,,,
1420236000,-3001.949547,,,,,,
1420239600,-3126.383767,,,,,,
1420243200,-3247.093522,,,,,,
1420246800,-3355.430589,,,,,,
1420250400,-3373.559026,,,,,,
1420254000,-3447.50075,,,,,,
1420257600,-3340.070669,,,,,,
1420261200,-3203.410966,,,,,,
1420264800,-3085.165348,,,,,,
1420268400,-2951.046293,,,,,,
1420272000,-2762.362665,,,,,,
1420275600,-2716.927357,,,,,,
1420279200,-2725.036285,,,,,,
1420282800,-2754.186719,,,,,,
1420286400,-2869.216836,,,,,,
1420290000,-2993.494979,,,,,,
1420293600,-3069.410448,,,,,,
1420297200,-3164.984618,,,,,,
1420300800,-3151.681102,,,,,,
1420304400,-3117.781865,,,,,,
1420308000,-3066.682591,,,,,,
1420311600,-3029.019337,,,,,,
1420315200,-3002.348884,,,,,,
1420318800,-2938.669349,,,,,,
1420322400,-3043.319657,,,,,,
1420326000,-3091.216943,,,,,,
1420329600,-3234.232012,,,,,,
1420333200,-3361.325133,,,,,,
1420336800,-3360.444799,,,,,,
1420340400,-3373.635058,,,,,,
1420344000,-3298.595899,,,,,,
1420347600,-3210.21683,,,,,,
1420351200,-3067.370522,,,,,,
1420354800,-2888.945902,,,,,,
1420358400,-2772.135314,,,,,,
1420362000,-2743.073365,,,,,,
1420365600,-2708.31106,,,,,,
1420369200,-2745.42174,,,,,,
1420372800,-2808.341661,,,,,,
1420376400,-2949.082691,,,,,,
1420380000,-3018.772577,,,,,,
1420383600,-3120.215027,,,,,,
1420387200,-3094.444524,,,,,,
1420390800,-3058.316851,,,,,,
1420394400,-3006.001346,,,,,,
1420398000,-2932.432917,,,,,,
1420401600,-2856.062379,,,,,,
1420405200,-2921.865316,,,,,,
1420408800,-2981.632848,,,,,,
1420412400,-3066.359212,,,,,,
1420416000,-3144.79773,,,,,,
1420419600,-3273.180061,,,,,,
1420423200,-3294.330682,,,,,,
1420426800,-3305.118566,,,,,,
1420430400,-3258.823242,,,,,,
1420434000,-3097.373996,,,,,,
1420437600,-3034.773675,,,,,,
1420441200,-2771.983264,,,,,,
1420444800,-2707.85258,,,,,,
1420448400,-2654.850643,,,,,,
1420452000,-2631.165528,,,,,,
1420455600,-2690.184416,,,,,,
1420459200,-2867.481858,,,,,,
1420462800,-2875.776859,,,,,,
1420466400,-3027.693316,,,,,,
1420470000,-3000.037232,,,,,,
1420473600,-3118.034714,,,,,,
1420477200,-3042.419375,,,,,,
1420480800,-3011.071038,,,,,,
1420484400,-2984.955978,,,,,,
1420488000,-2914.873158,,,,,,
1420491600,-2908.225211,,,,,,
1420495200,-3011.512714,,,,,,
1420498800,-3107.094895,,,,,,
1420502400,-3230.690014,,,,,,
1420506000,-3277.988708,,,,,,
1420509600,-3350.798526,,,,,,
1420513200,-3333.07396,,,,,,
1420516800,-3310.740852,,,,,,
1420520400,-3161.918012,,,,,,
1420524000,-3047.041261,,,,,,
1420527600,-2841.243103,,,,,,
1420531200,-2758.22482,,,,,,
1420534800,-2719.944587,,,,,,
1420538400,-2740.397752,,,,,,
1420542000,-2780.662853,,,,,,
1420545600,-2913.58643,,,,,,
1420549200,-2991.291385,,,,,,
1420552800,-3106.620775,,,,,,
1420556400,-3113.8922,,,,,,
1420560000,-3191.941441,,,,,,
1420563600,-3184.253761,,,,,,
1420567200,-3113.525658,,,,,,
1420570800,-3073.529226,,,,,,
1420574400,-3016.637167,,,,,,
1420578000,-3013.778357,,,,,,
1420581600,-3096.79342,,,,,,
1420585200,-3233.705276,,,,,,
1420588800,-3263.624419,,,,,,
1420592400,-3452.999748,,,,,,
1420596000,-3504.824354,,,,,,
1420599600,-3454.132037,,,,,,
1420603200,-3440.509482,,,,,,
1420606800,-3316.223011,,,,,,
1420610400,-3131.761637,,,,,,
1420614000,-3019.343983,,,,,,
1420617600,-2967.555796,,,,,,
1420621200,-2884.062006,,,,,,
1420624800,-2894.760645,,,,,,
1420628400,-2947.292892,,,,,,
1420632000,-3003.099926,,,,,,
1420635600,-3130.324924,,,,,,
1420639200,-3332.214137,,,,,,
1420642800,-3318.723999,,,,,,
1420646400,-3425.351724,,,,,,
1420650000,-3308.288563,,,,,,
1420653600,-3266.273004,,,,,,
1420657200,-3272.530158,,,,,,
1420660800,-3177.376886,,,,,,
1420664400,-3202.194885,,,,,,
1420668000,-3277.965965,,,,,,
1420671600,-3362.33625,,,,,,
1420675200,-3510.025142,,,,,,
1420678800,-3627.286383,,,,,,
1420682400,-3653.811149,,,,,,
1420686000,-3680.225397,,,,,,
1420689600,-3638.797591,,,,,,
1420693200,-3496.080559,,,,,,
1420696800,-3425.147531,,,,,,
1420700400,-3185.443342,,,,,,
1420704000,-3154.034235,,,,,,
1420707600,-3052.308154,,,,,,
1420711200,-3107.667882,,,,,,
1420714800,-3144.421341,,,,,,
1420718400,-3259.029301,,,,,,
1420722000,-3429.771871,,,,,,
1420725600,-3455.213184,,,,,,
1420729200,-3554.47909,,,,,,
1420732800,-3531.180266,,,,,,
1420736400,-3478.385712,,,,,,
1420740000,-3479.530687,,,,,,
1420743600,-3365.129491,,,,,,
1420747200,-3377.660269,,,,,,
1420750800,-3398.557512,,,,,,
1420754400,-3392.88383,,,,,,
1420758000,-3570.761245,,,,,,
1420761600,-3719.151353,,,,,,
1420765200,-3776.592404,,,,,,
1420768800,-3829.881175,,,,,,
1420772400,-3861.045176,,,,,,
1420776000,-3742.379494,,,,,,
1420779600,-3702.038279,,,,,,
1420783200,-3544.575443,,,,,,
1420786800,-3418.277891,,,,,,
1420790400,-3270.081129,,,,,,
1420794000,-3205.462284,,,,,,
1420797600,-3163.11068,,,,,,
1420801200,-3302.398509,,,,,,
1420804800,-3332.84091,,,,,,
1420808400,-3538.36599,,,,,,
1420812000,-3627.852097,,,,,,
1420815600,-3645.965842,,,,,,
1420819200,-3643.509895,,,,,,
1420822800,-3591.203867,,,,,,
1420826400,-3515.499954,,,,,,
1420830000,-3477.228532,,,,,,
1420833600,-3481.40552,,,,,,
1420837200,-3459.320829,,,,,,
1420840800,-3558.794533,,,,,,
1420844400,-3596.898286,,,,,,
1420848000,-3712.113656,,,,,,
1420851600,-3845.112355,,,,,,
1420855200,-3904.80731,,,,,,
1420858800,-3888.563397,,,,,,
1420862400,-3783.747164,,,,,,
1420866000,-3686.865093,,,,,,
1420869600,-3531.75215,,,,,,
1420873200,-3402.11625,,,,,,
1420876800,-3315.743784,,,,,,
1420880400,-3290.256576,,,,,,
1420884000,-3257.221346,,,,,,
1420887600,-3320.934748,,,,,,
1420891200,-3426.387692,,,,,,
1420894800,-3552.180642,,,,,,
1420898400,-3573.318346,,,,,,
1420902000,-3636.063303,,,,,,
1420905600,-3641.630862,,,,,,
1420909200,-3639.87728,,,,,,
1420912800,-3603.535026,,,,,,
1420916400,-3522.180082,,,,,,
1420920000,-3406.081198,,,,,,
1420923600,-3456.779478,,,,,,
1420927200,-3559.932161,,,,,,
1420930800,-3614.310194,,,,,,
1420934400,-3679.359528,,,,,,
1420938000,-3825.098455,,,,,,
1420941600,-3881.46035,,,,,,
1420945200,-3859.377847,,,,,,
1420948800,-3807.015429,,,,,,
1420952400,-3645.722375,,,,,,
1420956000,-3523.507817,,,,,,
1420959600,-3344.242389,,,,,,
1420963200,-3235.935892,,,,,,
1420966800,-3205.420242,,,,,,
1420970400,-2560.50266,,,,,,
1420974000,-3253.670021,,,,,,
1420977600,-3364.714727,,,,,,
1420981200,-3478.460481,,,,,,
1420984800,-3545.482708,,,,,,
1420988400,-3585.87559,,,,,,
1420992000,-3628.337179,,,,,,
1420995600,-3573.943337,,,,,,
1420999200,-3498.29531,,,,,,
1421002800,-3405.777294,,,,,,
1421006400,-3413.209517,,,,,,
1421010000,-3428.214623,,,,,,
1421013600,-3495.758443,,,,,,
1421017200,-3571.464193,,,,,,
1421020800,-3687.11715,,,,,,
1421024400,-3796.93802,,,,,,
1421028000,-3806.828795,,,,,,
1421031600,-3851.702259,,,,,,
1421035200,-3757.45939,,,,,,
1421038800,-3576.638049,,,,,,
1421042400,-3544.626762,,,,,,
1421046000,-3355.930878,,,,,,
1421049600,-3231.110322,,,,,,
1421053200,-3160.208209,,,,,,
1421056800,-3176.069325,,,,,,
1421060400,-3246.534243,,,,,,
1421064000,-3260.464368,,,,,,
1421067600,-3415.178873,,,,,,
1421071200,-3541.801884,,,,,,
1421074800,-3600.684334,,,,,,
1421078400,-3567.001521,,,,,,
1421082000,-3623.257183,,,,,,
1421085600,-3540.593906,,,,,,
1421089200,-3453.324689,,,,,,
1421092800,-3392.220328,,,,,,
1421096400,-3393.027646,,,,,,
1421100000,-3456.054565,,,,,,
1421103600,-3545.223065,,,,,,
1421107200,-3730.745225,,,,,,
1421110800,-3816.914316,,,,,,
1421114400,-3848.815824,,,,,,
1421118000,-3833.786114,,,,,,
1421121600,-3807.930037,,,,,,
1421125200,-3632.41922,,,,,,
1421128800,-4133.645629,,,,,,
1421132400,-4004.058979,,,,,,
1421136000,-3287.693665,,,,,,
1421139600,-3219.432965,,,,,,
1421143200,-3230.144474,,,,,,
1421146800,-3255.561661,,,,,,
1421150400,-3444.957848,,,,,,
1421154000,-3486.358567,,,,,,
1421157600,-3614.561335,,,,,,
1421161200,-4279.506572,,,,,,
1421164800,-3726.199478,,,,,,
1421168400,-3636.586131,,,,,,
1421172000,-3606.900964,,,,,,
1421175600,-3544.705061,,,,,,
1421179200,-3533.764171,,,,,,
1421182800,-3522.965679,,,,,,
1421186400,-3589.420111,,,,,,
1421190000,-3741.18822,,,,,,
1421193600,-3819.241205,,,,,,
1421197200,-3873.472372,,,,,,
1421200800,-3987.907369,,,,,,
1421204400,-3975.251874,,,,,,
1421208000,-3951.591996,,,,,,
1421211600,-3833.35127,,,,,,
1421215200,-3656.033136,,,,,,
1421218800,-3518.349266,,,,,,
1421222400,-3431.223206,,,,,,
1421226000,-3380.061706,,,,,,
1421229600,-3369.088025,,,,,,
1421233200,-3422.0623,,,,,,
1421236800,-3580.77164,,,,,,
1421240400,-3695.036421,,,,,,
1421244000,-3794.164745,,,,,,
1421247600,-3859.605636,,,,,,
1421251200,-3792.844983,,,,,,
1421254800,-3818.345369,,,,,,
1421258400,-3781.295739,,,,,,
1421262000,-3788.74287,,,,,,
1421265600,-3710.505104,,,,,,
1421269200,-3702.846039,,,,,,
1421272800,-3729.834448,,,,,,
1421276400,-3888.904584,,,,,,
1421280000,-4024.329221,,,,,,
1421283600,-4106.924059,,,,,,
1421287200,-4171.556972,,,,,,
1421290800,-4228.380388,,,,,,
1421294400,-4127.34882,,,,,,
1421298000,-4024.280944,,,,,,
1421301600,-3864.2537,,,,,,
1421305200,-3743.411353,,,,,,
1421308800,-3642.858264,,,,,,
1421312400,-3597.324717,,,,,,
1421316000,-3575.482354,,,,,,
1421319600,-3638.813385,,,,,,
1421323200,-3724.364266,,,,,,
1421326800,-3837.790286,,,,,,
1421330400,-3948.247177,,,,,,
1421334000,-4002.001519,,,,,,
1421337600,-4053.172777,,,,,,
1421341200,-4055.183662,,,,,,
1421344800,-3986.933184,,,,,,
1421348400,-3944.945718,,,,,,
1421352000,-3894.801478,,,,,,
1421355600,-3872.000562,,,,,,
1421359200,-3949.563815,,,,,,
1421362800,-4051.68638,,,,,,
1421366400,-4197.996258,,,,,,
1421370000,-4295.683381,,,,,,
1421373600,-4318.697161,,,,,,
1421377200,-4396.518914,,,,,,
1421380800,-4265.788388,,,,,,
1421384400,-4170.932761,,,,,,
1421388000,-3993.157654,,,,,,
1421391600,-3872.832278,,,,,,
1421395200,-3777.158987,,,,,,
1421398800,-3697.87298,,,,,,
1421402400,-3704.05698,,,,,,
1421406000,-3775.20464,,,,,,
1421409600,-3872.765586,,,,,,
1421413200,-3966.250355,,,,,,
1421416800,-4085.878596,,,,,,
1421420400,-4146.107171,,,,,,
1421424000,-4131.94714,,,,,,
1421427600,-4109.930317,,,,,,
1421431200,-4057.078481,,,,,,
1421434800,-4029.398946,,,,,,
1421438400,-3947.050546,,,,,,
1421442000,-3968.869786,,,,,,
1421445600,-4034.308538,,,,,,
1421449200,-4089.704266,,,,,,
1421452800,-4235.782704,,,,,,
1421456400,-4305.82627,,,,,,
1421460000,-4435.626345,,,,,,
1421463600,-4394.994102,,,,,,
1421467200,-4312.544157,,,,,,
1421470800,-4262.963103,,,,,,
1421474400,-4094.846193,,,,,,
1421478000,-3968.834135,,,,,,
1421481600,-3782.986428,,,,,,
1421485200,-3778.135015,,,,,,
1421488800,-3752.235533,,,,,,
1421492400,-3795.619519,,,,,,
1421496000,-3889.243888,,,,,,
1421499600,-4049.368175,,,,,,
1421503200,-4102.569734,,,,,,
1421506800,-4125.610764,,,,,,
1421510400,-4146.94672,,,,,,
1421514000,-4137.043421,,,,,,
1421517600,-4048.51949,,,,,,
1421521200,-3940.363894,,,,,,
1421524800,-3969.438697,,,,,,
1421528400,-4025.280056,,,,,,
1421532000,-3985.830536,,,,,,
1421535600,-4104.056827,,,,,,
1421539200,-4223.979056,,,,,,
1421542800,-4363.728015,,,,,,
1421546400,-4337.435765,,,,,,
1421550000,-4388.128263,,,,,,
1421553600,-4307.236939,,,,,,
1421557200,-4189.012193,,,,,,
1421560800,-4026.180646,,,,,,
1421564400,-3901.636799,,,,,,
1421568000,-3741.742308,,,,,,
1421571600,-3690.259607,,,,,,
1421575200,-3728.511204,,,,,,
1421578800,-3743.789149,,,,,,
1421582400,-3849.673895,,,,,,
1421586000,-3952.104605,,,,,,
1421589600,-4067.265584,,,,,,
1421593200,-4134.672235,,,,,,
1421596800,-4134.546449,,,,,,
1421600400,-4016.46636,,,,,,
1421604000,-4040.801494,,,,,,
1421607600,-3908.900877,,,,,,
1421611200,-3902.786316,,,,,,
1421614800,-3887.767065,,,,,,
1421618400,-3993.071625,,,,,,
1421622000,-4075.382948,,,,,,
1421625600,-4185.202258,,,,,,
1421629200,-4252.757096,,,,,,
1421632800,-4288.328364,,,,,,
1421636400,-4361.65504,,,,,,
1421640000,-4290.496075,,,,,,
1421643600,-4130.05548,,,,,,
1421647200,-4017.539989,,,,,,
1421650800,-3873.590272,,,,,,
1421654400,-3711.266414,,,,,,
1421658000,-3630.904942,,,,,,
1421661600,-3639.245445,,,,,,
1421665200,-3766.374053,,,,,,
1421668800,-3864.969982,,,,,,
1421672400,-3943.194786,,,,,,
1421676000,-4020.387806,,,,,,
1421679600,-4120.263139,,,,,,
1421683200,-4100.951746,,,,,,
1421686800,-4057.112354,,,,,,
1421690400,-4042.285596,,,,,,
1421694000,-3968.870095,,,,,,
1421697600,-3934.660258,,,,,,
1421701200,-3931.856436,,,,,,
1421704800,-3938.663368,,,,,,
1421708400,-4112.533677,,,,,,
1421712000,-4239.63068,,,,,,
1421715600,-4345.080818,,,,,,
1421719200,-4334.842574,,,,,,
1421722800,-4400.339755,,,,,,
1421726400,-4312.274755,,,,,,
1421730000,-4214.11748,,,,,,
1421733600,-4035.693583,,,,,,
1421737200,-3969.468016,,,,,,
1421740800,-3737.831844,,,,,,
1421744400,-3738.538434,,,,,,
1421748000,-3698.487122,,,,,,
1421751600,-3819.312772,,,,,,
1421755200,-3895.346276,,,,,,
1421758800,-4015.782263,,,,,,
1421762400,-4157.542699,,,,,,
1421766000,-4159.831556,,,,,,
1421769600,-4214.564782,,,,,,
1421773200,-4117.473207,,,,,,
1421776800,-4116.422803,,,,,,
1421780400,-4060.294959,,,,,,
1421784000,-4055.359764,,,,,,
1421787600,-4049.836806,,,,,,
1421791200,-4161.864012,,,,,,
1421794800,-4169.073329,,,,,,
1421798400,-4364.025856,,,,,,
1421802000,-4432.261464,,,,,,
1421805600,-4528.77391,,,,,,
1421809200,-4443.940216,,,,,,
1421812800,-4406.437094,,,,,,
1421816400,-4342.289486,,,,,,
1421820000,-4202.726827,,,,,,
1421823600,-4055.583313,,,,,,
1421827200,-3960.812018,,,,,,
1421830800,-3885.566314,,,,,,
1421834400,-3890.35567,,,,,,
1421838000,-3976.798878,,,,,,
1421841600,-4080.596422,,,,,,
1421845200,-4174.213461,,,,,,
1421848800,-4283.052711,,,,,,
1421852400,-4327.742487,,,,,,
1421856000,-4392.601027,,,,,,
1421859600,-4355.754973,,,,,,
1421863200,-4323.483441,,,,,,
1421866800,-4256.761425,,,,,,
1421870400,-4183.222894,,,,,,
1421874000,-4219.090815,,,,,,
1421877600,-4289.016929,,,,,,
1421881200,-4362.624363,,,,,,
1421884800,-4554.332345,,,,,,
1421888400,-4608.461634,,,,,,
1421892000,-4720.8005,,,,,,
1421895600,-4690.445937,,,,,,
1421899200,-4653.964306,,,,,,
1421902800,-4519.335216,,,,,,
1421906400,-4384.612951,,,,,,
1421910000,-4212.148416,,,,,,
1421913600,-4100.327973,,,,,,
1421917200,-4086.002224,,,,,,
1421920800,-4082.548476,,,,,,
1421924400,-4117.109912,,,,,,
1421928000,-4251.545185,,,,,,
1421931600,-4393.797101,,,,,,
1421935200,-4465.638541,,,,,,
1421938800,-4555.080178,,,,,,
1421942400,-4520.501114,,,,,,
1421946000,-4493.219447,,,,,,
1421949600,-4442.397313,,,,,,
1421953200,-4408.922559,,,,,,
1421956800,-4401.593836,,,,,,
1421960400,-4442.172111,,,,,,
1421964000,-4449.727427,,,,,,
1421967600,-4584.159257,,,,,,
1421971200,-4710.025224,,,,,,
1421974800,-4792.060676,,,,,,
1421978400,-4859.009949,,,,,,
1421982000,-4797.927699,,,,,,
1421985600,-4755.032543,,,,,,
1421989200,-4645.382545,,,,,,
1421992800,-4524.647844,,,,,,
1421996400,-4410.347951,,,,,,
1.42E+09,-4306.432376,,,,,,
1422003600,-4238.048897,,,,,,
1422007200,-4222.123198,,,,,,
1422010800,-4302.302982,,,,,,
1422014400,-4350.895409,,,,,,
1422018000,-4487.582659,,,,,,
1422021600,-4563.516231,,,,,,
1422025200,-4604.116499,,,,,,
1422028800,-4604.729918,,,,,,
1422032400,-4634.4483,,,,,,
1422036000,-4543.019777,,,,,,
1422039600,-4459.460639,,,,,,
1422043200,-4455.796015,,,,,,
1422046800,-4488.091968,,,,,,
1422050400,-4534.845024,,,,,,
1422054000,-4668.447158,,,,,,
1422057600,-4744.197462,,,,,,
1422061200,-4832.636807,,,,,,
1422064800,-4909.893599,,,,,,
1422068400,-4910.96201,,,,,,
1422072000,-4857.230953,,,,,,
1422075600,-4678.412168,,,,,,
1422079200,-4593.919964,,,,,,
1422082800,-4426.758458,,,,,,
1422086400,-4295.220684,,,,,,
1422090000,-4239.447486,,,,,,
1422093600,-4333.049042,,,,,,
1422097200,-4310.128922,,,,,,
1422100800,-4358.346131,,,,,,
1422104400,-4504.074404,,,,,,
1422108000,-4583.566896,,,,,,
1422111600,-4668.223318,,,,,,
1422115200,-4580.00831,,,,,,
1422118800,-4628.395489,,,,,,
1422122400,-4558.158989,,,,,,
1422126000,-4457.414556,,,,,,
1422129600,-4495.67362,,,,,,
1422133200,-4506.481376,,,,,,
1422136800,-4505.308845,,,,,,
1422140400,-4579.970039,,,,,,
1422144000,-4685.401031,,,,,,
1422147600,-4820.440975,,,,,,
1422151200,-4925.652245,,,,,,
1422154800,-4901.31759,,,,,,
1422158400,-4814.659811,,,,,,
1422162000,-4732.286102,,,,,,
1422165600,-4493.955651,,,,,,
1422169200,-4407.325208,,,,,,
1422172800,-4266.237046,,,,,,
1422176400,-4173.453777,,,,,,
1422180000,-4151.662927,,,,,,
1422183600,-4279.671127,,,,,,
1422187200,-4336.610826,,,,,,
1422190800,-4474.356764,,,,,,
1422194400,-4552.566455,,,,,,
1422198000,-4567.900821,,,,,,
1422201600,-4596.79428,,,,,,
1422205200,-4591.334125,,,,,,
1422208800,-4522.560453,,,,,,
1422212400,-4444.787082,,,,,,
1422216000,-4394.030111,,,,,,
1422219600,-4389.709082,,,,,,
1422223200,-4475.027522,,,,,,
1422226800,-4517.632303,,,,,,
1422230400,-4702.208754,,,,,,
1422234000,-4759.019611,,,,,,
1422237600,-4838.507537,,,,,,
1422241200,-4800.505746,,,,,,
1422244800,-4770.111305,,,,,,
1422248400,-4658.01002,,,,,,
1422252000,-4481.123955,,,,,,
1422255600,-4348.274883,,,,,,
1422259200,-4258.454116,,,,,,
1422262800,-4212.001516,,,,,,
1422266400,-4167.186508,,,,,,
1422270000,-4211.216243,,,,,,
1422273600,-4299.059067,,,,,,
1422277200,-4445.595224,,,,,,
1422280800,-4536.310325,,,,,,
1422284400,-4601.946252,,,,,,
1422288000,-4544.874225,,,,,,
1422291600,-4591.523197,,,,,,
1422295200,-4506.330698,,,,,,
1422298800,-4457.16434,,,,,,
1422302400,-4426.270026,,,,,,
1422306000,-4480.079344,,,,,,
1422309600,-4476.841366,,,,,,
1422313200,-4616.998009,,,,,,
1422316800,-4729.248034,,,,,,
1422320400,-4764.230184,,,,,,
1422324000,-4875.631785,,,,,,
1422327600,-4861.179416,,,,,,
1422331200,-4791.0868,,,,,,
1422334800,-4745.301378,,,,,,
1422338400,-4575.119914,,,,,,
1422342000,-4408.259587,,,,,,
1422345600,-4293.306837,,,,,,
1422349200,-4269.943955,,,,,,
1422352800,-4804.726653,,,,,,
1422356400,-4296.288096,,,,,,
1422360000,-4386.856624,,,,,,
1422363600,-4473.962838,,,,,,
1422367200,-4611.274783,,,,,,
1422370800,-4707.39852,,,,,,
1422374400,-4665.145134,,,,,,
1422378000,-4683.610411,,,,,,
1422381600,-4628.275735,,,,,,
1422385200,-4559.910443,,,,,,
1422388800,-4504.105308,,,,,,
1422392400,-4561.438076,,,,,,
1422396000,-4609.387449,,,,,,
1422399600,-4712.835723,,,,,,
1422403200,-4823.380172,,,,,,
1422406800,-4931.585558,,,,,,
1422410400,-4967.846353,,,,,,
1422414000,-5041.230932,,,,,,
1422417600,-4982.337759,,,,,,
1422421200,-4828.845626,,,,,,
1422424800,-4700.789341,,,,,,
1422428400,-4550.946785,,,,,,
1422432000,-4429.953098,,,,,,
1422435600,-4387.505989,,,,,,
1422439200,-4356.846975,,,,,,
1422442800,-4486.209507,,,,,,
1422446400,-4558.737219,,,,,,
1422450000,-4692.556115,,,,,,
1422453600,-4778.521633,,,,,,
1422457200,-4835.089391,,,,,,
1422460800,-4941.264751,,,,,,
1422464400,-4848.032608,,,,,,
1422468000,-4798.107295,,,,,,
1422471600,-4758.863873,,,,,,
1422475200,-4704.356393,,,,,,
1422478800,-4719.793961,,,,,,
1422482400,-4822.078886,,,,,,
1422486000,-4939.349707,,,,,,
1422489600,-5006.919107,,,,,,
1422493200,-5122.112009,,,,,,
1422496800,-5178.415649,,,,,,
1422500400,-5214.631477,,,,,,
1422504000,-5109.529813,,,,,,
1422507600,-5037.44832,,,,,,
1422511200,-4849.153015,,,,,,
1422514800,-4755.974999,,,,,,
1422518400,-4668.662871,,,,,,
1422522000,-4590.274064,,,,,,
1422525600,-4584.165874,,,,,,
1422529200,-4655.792937,,,,,,
1422532800,-4764.669546,,,,,,
1422536400,-4912.709426,,,,,,
1422540000,-4976.968942,,,,,,
1422543600,-4975.362632,,,,,,
1422547200,-5103.063876,,,,,,
1422550800,-5024.653546,,,,,,
1422554400,-4984.362986,,,,,,
1422558000,-4962.896432,,,,,,
1422561600,-4882.265668,,,,,,
1422565200,-4975.597448,,,,,,
1422568800,-4979.425141,,,,,,
1422572400,-5122.467928,,,,,,
1422576000,-5175.518832,,,,,,
1422579600,-5321.89937,,,,,,
1422583200,-5324.482867,,,,,,
1422586800,-5399.204506,,,,,,
1422590400,-5255.753721,,,,,,
1422594000,-5227.795227,,,,,,
1422597600,-5022.134654,,,,,,
1422601200,-4922.195813,,,,,,
1422604800,-4796.674473,,,,,,
1422608400,-4682.00922,,,,,,
1422612000,-4732.572607,,,,,,
1422615600,-4781.12727,,,,,,
1422619200,-4866.904634,,,,,,
1422622800,-4977.395412,,,,,,
1422626400,-5061.101418,,,,,,
1422630000,-5174.810412,,,,,,
1422633600,-5111.119663,,,,,,
1422637200,-5099.853315,,,,,,
1422640800,-5093.343364,,,,,,
1422644400,-5031.459437,,,,,,
1422648000,-4977.776456,,,,,,
1422651600,-4964.962481,,,,,,
1422655200,-5036.066904,,,,,,
1422658800,-5126.663456,,,,,,
1422662400,-5223.270442,,,,,,
1422666000,-5360.404802,,,,,,
1422669600,-5425.403452,,,,,,
1422673200,-5467.056665,,,,,,
1422676800,-5327.613994,,,,,,
1422680400,-5250.469106,,,,,,
1422684000,-5039.370641,,,,,,
1422687600,-4929.409731,,,,,,
1422691200,-4812.625725,,,,,,
1422694800,-4741.618978,,,,,,
1422698400,-4754.823707,,,,,,
1422702000,-4818.035014,,,,,,
1422705600,-4907.444877,,,,,,
1422709200,-5001.687239,,,,,,
1422712800,-5111.73406,,,,,,
1422716400,-5120.78228,,,,,,
1422720000,-5110.91235,,,,,,
1422723600,-5105.459062,,,,,,
1422727200,-5077.290855,,,,,,
1422730800,-4967.828405,,,,,,
1422734400,-4974.730024,,,,,,
1422738000,-5024.286685,,,,,,
1422741600,-5001.809832,,,,,,
1422745200,-5095.157153,,,,,,
1422748800,-5243.589134,,,,,,
1422752400,-5387.678898,,,,,,
1422756000,-5948.068253,,,,,,
1422759600,-5388.261779,,,,,,
1422763200,-5312.059591,,,,,,
1422766800,-5200.135313,,,,,,
